{"cameraMode":{"drawMode":0,"name":"Shaded","section":"Shading Mode"},"sceneLighting":false,"audioPlay":false,"sceneViewState":{"m_AlwaysRefresh":false,"showFog":true,"showSkybox":false,"showFlares":true,"showImageEffects":true,"showParticleSystems":true,"showVisualEffectGraphs":true,"m_FxEnabled":true},"in2DMode":false,"pivot":{"x":-0.03831648826599121,"y":5.857676029205322,"z":0.06759250164031983},"rotation":{"x":0.03702382370829582,"y":0.09190423786640167,"z":0.0034211566671729089,"w":-0.9950783848762512},"size":2.7549285888671877,"orthographic":false}