{"cameraMode":{"drawMode":0,"name":"Shaded","section":"Shading Mode"},"sceneLighting":false,"audioPlay":false,"sceneViewState":{"m_AlwaysRefresh":false,"showFog":true,"showSkybox":false,"showFlares":true,"showImageEffects":true,"showParticleSystems":true,"showVisualEffectGraphs":true,"m_FxEnabled":true},"in2DMode":false,"pivot":{"x":0.31039589643478396,"y":0.9015476703643799,"z":-0.20849576592445374},"rotation":{"x":-0.38164445757865908,"y":0.23100663721561433,"z":-0.09911800175905228,"w":-0.8894763588905335},"size":0.814484715461731,"orthographic":false}