{"cameraMode":{"drawMode":0,"name":"Shaded","section":"Shading Mode"},"sceneLighting":true,"audioPlay":false,"sceneViewState":{"m_AlwaysRefresh":false,"showFog":true,"showSkybox":true,"showFlares":true,"showImageEffects":true,"showParticleSystems":true,"showVisualEffectGraphs":true,"m_FxEnabled":true},"in2DMode":false,"pivot":{"x":0.8945974111557007,"y":4.890113353729248,"z":0.8088054656982422},"rotation":{"x":-0.015294893644750119,"y":-0.04288458824157715,"z":0.0006567307864315808,"w":-0.9989647269248962},"size":4.778664588928223,"orthographic":false}