{"cameraMode":{"drawMode":0,"name":"Shaded","section":"Shading Mode"},"sceneLighting":false,"audioPlay":false,"sceneViewState":{"m_AlwaysRefresh":false,"showFog":true,"showSkybox":false,"showFlares":true,"showImageEffects":true,"showParticleSystems":true,"showVisualEffectGraphs":true,"m_FxEnabled":true},"in2DMode":false,"pivot":{"x":-0.11972057819366455,"y":5.875951766967773,"z":0.06543231010437012},"rotation":{"x":-0.003306460799649358,"y":0.04708009958267212,"z":-0.00015449861530214548,"w":-0.9988901019096375},"size":2.801474094390869,"orthographic":false}